route,weekday,hour,value
1,0,0,0.0
1,0,1,0.0
1,0,2,0.0
1,0,3,0.0
1,0,4,9.0
1,0,5,124.5
1,0,6,490.5
1,0,7,1514.5
1,0,8,1924.0
1,0,9,1321.0
1,0,10,1203.5
1,0,11,1230.5
1,0,12,1307.5
1,0,13,1327.5
1,0,14,1269.0
1,0,15,1395.5
1,0,16,1538.0
1,0,17,1767.5
1,0,18,1839.5
1,0,19,1423.0
1,0,20,868.5
1,0,21,445.5
1,0,22,184.5
1,0,23,28.5
1,1,0,3.0
1,1,1,0.0
1,1,2,0.0
1,1,3,0.0
1,1,4,8.5
1,1,5,125.5
1,1,6,488.0
1,1,7,1575.5
1,1,8,1919.5
1,1,9,1462.5
1,1,10,1298.0
1,1,11,1249.0
1,1,12,1278.5
1,1,13,1289.0
1,1,14,1264.5
1,1,15,1420.5
1,1,16,1475.5
1,1,17,1793.5
1,1,18,1811.5
1,1,19,1401.0
1,1,20,889.0
1,1,21,447.5
1,1,22,215.5
1,1,23,36.0
1,2,0,3.0
1,2,1,0.0
1,2,2,0.0
1,2,3,0.0
1,2,4,10.0
1,2,5,128.5
1,2,6,520.0
1,2,7,1503.5
1,2,8,1903.5
1,2,9,1388.0
1,2,10,1275.5
1,2,11,1261.0
1,2,12,1297.0
1,2,13,1347.0
1,2,14,1253.5
1,2,15,1389.0
1,2,16,1447.5
1,2,17,1760.5
1,2,18,1771.0
1,2,19,1400.0
1,2,20,890.5
1,2,21,459.5
1,2,22,219.5
1,2,23,33.0
1,3,0,3.5
1,3,1,0.0
1,3,2,0.0
1,3,3,0.0
1,3,4,9.0
1,3,5,122.0
1,3,6,475.0
1,3,7,1514.5
1,3,8,1992.5
1,3,9,1392.0
1,3,10,1308.0
1,3,11,1265.0
1,3,12,1353.5
1,3,13,1415.5
1,3,14,1314.5
1,3,15,1456.5
1,3,16,1457.5
1,3,17,1760.0
1,3,18,1660.5
1,3,19,1316.0
1,3,20,867.5
1,3,21,452.0
1,3,22,214.5
1,3,23,29.0
1,4,0,2.5
1,4,1,0.0
1,4,2,0.0
1,4,3,0.0
1,4,4,8.0
1,4,5,136.5
1,4,6,484.0
1,4,7,1519.5
1,4,8,1784.0
1,4,9,1360.0
1,4,10,1259.0
1,4,11,1320.0
1,4,12,1330.0
1,4,13,1341.0
1,4,14,1259.5
1,4,15,1466.0
1,4,16,1539.5
1,4,17,1752.5
1,4,18,1432.0
1,4,19,1204.5
1,4,20,789.5
1,4,21,449.0
1,4,22,216.0
1,4,23,41.5
1,5,0,3.0
1,5,1,0.0
1,5,2,0.0
1,5,3,0.0
1,5,4,0.0
1,5,5,29.0
1,5,6,158.0
1,5,7,321.0
1,5,8,429.0
1,5,9,701.5
1,5,10,827.0
1,5,11,678.5
1,5,12,852.5
1,5,13,914.0
1,5,14,819.5
1,5,15,685.0
1,5,16,726.5
1,5,17,679.0
1,5,18,590.0
1,5,19,530.0
1,5,20,404.0
1,5,21,290.5
1,5,22,117.5
1,5,23,25.5
1,6,0,0.0
1,6,1,0.0
1,6,2,0.0
1,6,3,0.0
1,6,4,0.0
1,6,5,24.0
1,6,6,113.5
1,6,7,272.5
1,6,8,344.0
1,6,9,577.5
1,6,10,659.0
1,6,11,657.5
1,6,12,769.5
1,6,13,803.5
1,6,14,712.5
1,6,15,663.0
1,6,16,632.5
1,6,17,581.5
1,6,18,558.5
1,6,19,471.0
1,6,20,363.5
1,6,21,273.0
1,6,22,105.0
1,6,23,23.5
5,0,0,0.0
5,0,1,0.0
5,0,2,0.0
5,0,3,0.0
5,0,4,0.0
5,0,5,0.0
5,0,6,0.0
5,0,7,0.0
5,0,8,0.0
5,0,9,0.0
5,0,10,0.0
5,0,11,0.0
5,0,12,0.0
5,0,13,0.0
5,0,14,0.0
5,0,15,0.0
5,0,16,0.0
5,0,17,0.0
5,0,18,0.0
5,0,19,0.0
5,0,20,0.0
5,0,21,0.0
5,0,22,0.0
5,0,23,0.0
5,1,0,0.0
5,1,1,0.0
5,1,2,0.0
5,1,3,0.0
5,1,4,0.0
5,1,5,0.0
5,1,6,0.0
5,1,7,0.0
5,1,8,0.0
5,1,9,0.0
5,1,10,0.0
5,1,11,0.0
5,1,12,0.0
5,1,13,0.0
5,1,14,0.0
5,1,15,0.0
5,1,16,0.0
5,1,17,0.0
5,1,18,0.0
5,1,19,0.0
5,1,20,0.0
5,1,21,0.0
5,1,22,0.0
5,1,23,0.0
5,2,0,0.0
5,2,1,0.0
5,2,2,0.0
5,2,3,0.0
5,2,4,0.0
5,2,5,0.0
5,2,6,0.0
5,2,7,0.0
5,2,8,0.0
5,2,9,0.0
5,2,10,0.0
5,2,11,0.0
5,2,12,0.0
5,2,13,0.0
5,2,14,0.0
5,2,15,0.0
5,2,16,0.0
5,2,17,0.0
5,2,18,0.0
5,2,19,0.0
5,2,20,0.0
5,2,21,0.0
5,2,22,0.0
5,2,23,0.0
5,3,0,0.0
5,3,1,0.0
5,3,2,0.0
5,3,3,0.0
5,3,4,0.0
5,3,5,0.0
5,3,6,0.0
5,3,7,0.0
5,3,8,0.0
5,3,9,0.0
5,3,10,0.0
5,3,11,0.0
5,3,12,0.0
5,3,13,0.0
5,3,14,0.0
5,3,15,0.0
5,3,16,0.0
5,3,17,0.0
5,3,18,0.0
5,3,19,0.0
5,3,20,0.0
5,3,21,0.0
5,3,22,0.0
5,3,23,0.0
5,4,0,0.0
5,4,1,0.0
5,4,2,0.0
5,4,3,0.0
5,4,4,0.0
5,4,5,0.0
5,4,6,0.0
5,4,7,0.0
5,4,8,0.0
5,4,9,0.0
5,4,10,0.0
5,4,11,0.0
5,4,12,0.0
5,4,13,0.0
5,4,14,0.0
5,4,15,0.0
5,4,16,0.0
5,4,17,0.0
5,4,18,0.0
5,4,19,0.0
5,4,20,0.0
5,4,21,0.0
5,4,22,0.0
5,4,23,0.0
5,5,0,0.0
5,5,1,0.0
5,5,2,0.0
5,5,3,0.0
5,5,4,0.0
5,5,5,0.0
5,5,6,0.0
5,5,7,0.0
5,5,8,0.0
5,5,9,0.0
5,5,10,0.0
5,5,11,0.0
5,5,12,0.0
5,5,13,0.0
5,5,14,0.0
5,5,15,0.0
5,5,16,0.0
5,5,17,0.0
5,5,18,0.0
5,5,19,0.0
5,5,20,0.0
5,5,21,0.0
5,5,22,0.0
5,5,23,0.0
5,6,0,0.0
5,6,1,0.0
5,6,2,0.0
5,6,3,0.0
5,6,4,0.0
5,6,5,0.0
5,6,6,0.0
5,6,7,0.0
5,6,8,0.0
5,6,9,0.0
5,6,10,0.0
5,6,11,0.0
5,6,12,0.0
5,6,13,0.0
5,6,14,0.0
5,6,15,0.0
5,6,16,0.0
5,6,17,0.0
5,6,18,0.0
5,6,19,0.0
5,6,20,0.0
5,6,21,0.0
5,6,22,0.0
5,6,23,0.0
7,0,0,60.5
7,0,1,9.0
7,0,2,0.0
7,0,3,0.0
7,0,4,1.0
7,0,5,177.0
7,0,6,567.0
7,0,7,1464.0
7,0,8,2316.0
7,0,9,1660.0
7,0,10,1419.0
7,0,11,1280.0
7,0,12,1482.0
7,0,13,1443.0
7,0,14,1515.0
7,0,15,1648.5
7,0,16,1743.5
7,0,17,2156.5
7,0,18,2331.5
7,0,19,1641.0
7,0,20,1026.5
7,0,21,548.5
7,0,22,277.0
7,0,23,155.5
7,1,0,52.5
7,1,1,6.0
7,1,2,0.0
7,1,3,0.0
7,1,4,1.0
7,1,5,193.0
7,1,6,613.5
7,1,7,1618.0
7,1,8,2445.5
7,1,9,1725.0
7,1,10,1506.5
7,1,11,1486.5
7,1,12,1644.5
7,1,13,1537.0
7,1,14,1627.0
7,1,15,1764.5
7,1,16,1787.5
7,1,17,2028.0
7,1,18,2464.0
7,1,19,1698.5
7,1,20,1092.0
7,1,21,624.5
7,1,22,309.5
7,1,23,210.5
7,2,0,59.0
7,2,1,7.5
7,2,2,0.0
7,2,3,0.0
7,2,4,2.5
7,2,5,191.0
7,2,6,579.5
7,2,7,1483.5
7,2,8,2459.0
7,2,9,1706.0
7,2,10,1689.0
7,2,11,1474.0
7,2,12,1569.0
7,2,13,1475.5
7,2,14,1615.0
7,2,15,1735.5
7,2,16,1821.5
7,2,17,2344.0
7,2,18,2521.5
7,2,19,1693.0
7,2,20,1070.0
7,2,21,630.0
7,2,22,337.5
7,2,23,206.5
7,3,0,64.0
7,3,1,12.5
7,3,2,0.0
7,3,3,0.0
7,3,4,1.0
7,3,5,187.0
7,3,6,596.5
7,3,7,1572.5
7,3,8,2462.5
7,3,9,1697.5
7,3,10,1479.0
7,3,11,1416.5
7,3,12,1420.5
7,3,13,1456.0
7,3,14,1664.0
7,3,15,1669.5
7,3,16,1658.5
7,3,17,2188.0
7,3,18,2419.0
7,3,19,1616.5
7,3,20,1081.0
7,3,21,596.5
7,3,22,296.5
7,3,23,204.0
7,4,0,70.5
7,4,1,12.0
7,4,2,0.0
7,4,3,0.0
7,4,4,1.0
7,4,5,178.5
7,4,6,571.5
7,4,7,1417.0
7,4,8,2329.0
7,4,9,1628.0
7,4,10,1546.5
7,4,11,1413.5
7,4,12,1593.0
7,4,13,1592.5
7,4,14,1638.0
7,4,15,1813.5
7,4,16,1821.5
7,4,17,2089.5
7,4,18,1938.5
7,4,19,1349.5
7,4,20,969.0
7,4,21,574.0
7,4,22,298.5
7,4,23,231.5
7,5,0,89.0
7,5,1,23.0
7,5,2,0.0
7,5,3,0.0
7,5,4,0.5
7,5,5,56.5
7,5,6,232.5
7,5,7,332.5
7,5,8,654.0
7,5,9,610.0
7,5,10,540.0
7,5,11,617.5
7,5,12,807.0
7,5,13,798.5
7,5,14,803.5
7,5,15,797.0
7,5,16,739.5
7,5,17,690.0
7,5,18,728.0
7,5,19,635.5
7,5,20,456.0
7,5,21,354.0
7,5,22,197.5
7,5,23,154.0
7,6,0,91.0
7,6,1,11.0
7,6,2,0.0
7,6,3,0.0
7,6,4,0.0
7,6,5,30.5
7,6,6,142.5
7,6,7,236.0
7,6,8,392.5
7,6,9,520.5
7,6,10,418.5
7,6,11,583.5
7,6,12,666.0
7,6,13,660.0
7,6,14,691.5
7,6,15,673.0
7,6,16,587.0
7,6,17,658.5
7,6,18,658.0
7,6,19,521.5
7,6,20,428.0
7,6,21,325.0
7,6,22,169.0
7,6,23,133.0
11,0,0,70.5
11,0,1,9.0
11,0,2,0.0
11,0,3,0.0
11,0,4,0.0
11,0,5,255.5
11,0,6,1348.5
11,0,7,2403.0
11,0,8,3034.0
11,0,9,2283.5
11,0,10,1788.5
11,0,11,1779.0
11,0,12,1708.0
11,0,13,1709.0
11,0,14,1799.0
11,0,15,1924.5
11,0,16,2163.5
11,0,17,2670.5
11,0,18,2965.0
11,0,19,2230.0
11,0,20,1388.5
11,0,21,810.5
11,0,22,373.5
11,0,23,216.0
11,1,0,51.5
11,1,1,0.0
11,1,2,0.0
11,1,3,0.0
11,1,4,0.0
11,1,5,245.0
11,1,6,1405.5
11,1,7,2446.0
11,1,8,3367.0
11,1,9,2345.0
11,1,10,1747.0
11,1,11,1721.5
11,1,12,1721.5
11,1,13,1767.5
11,1,14,1821.0
11,1,15,1799.0
11,1,16,2081.5
11,1,17,2676.5
11,1,18,2980.0
11,1,19,2343.0
11,1,20,1521.5
11,1,21,798.0
11,1,22,383.5
11,1,23,214.5
11,2,0,58.5
11,2,1,0.0
11,2,2,0.0
11,2,3,0.0
11,2,4,0.0
11,2,5,252.5
11,2,6,1303.5
11,2,7,2429.5
11,2,8,3146.0
11,2,9,2284.0
11,2,10,1828.0
11,2,11,1846.0
11,2,12,1924.0
11,2,13,1969.5
11,2,14,1996.5
11,2,15,1897.5
11,2,16,1998.5
11,2,17,2700.0
11,2,18,3075.0
11,2,19,2386.5
11,2,20,1556.5
11,2,21,818.5
11,2,22,411.0
11,2,23,223.0
11,3,0,60.0
11,3,1,0.0
11,3,2,0.0
11,3,3,0.0
11,3,4,0.0
11,3,5,242.0
11,3,6,1376.5
11,3,7,2340.0
11,3,8,3054.0
11,3,9,2354.0
11,3,10,2027.5
11,3,11,1900.5
11,3,12,1954.5
11,3,13,2014.5
11,3,14,1944.0
11,3,15,1932.0
11,3,16,2149.0
11,3,17,2547.5
11,3,18,3024.5
11,3,19,2349.5
11,3,20,1528.0
11,3,21,848.5
11,3,22,435.0
11,3,23,259.0
11,4,0,61.5
11,4,1,0.5
11,4,2,0.0
11,4,3,0.0
11,4,4,0.0
11,4,5,250.0
11,4,6,1366.0
11,4,7,2356.5
11,4,8,3068.5
11,4,9,2226.5
11,4,10,1795.0
11,4,11,1760.0
11,4,12,1822.0
11,4,13,1832.0
11,4,14,1910.5
11,4,15,2095.5
11,4,16,2298.0
11,4,17,2785.0
11,4,18,2532.5
11,4,19,2122.5
11,4,20,1456.0
11,4,21,851.0
11,4,22,441.0
11,4,23,327.0
11,5,0,104.0
11,5,1,0.0
11,5,2,0.0
11,5,3,0.0
11,5,4,0.0
11,5,5,193.0
11,5,6,946.0
11,5,7,762.5
11,5,8,1052.5
11,5,9,1130.5
11,5,10,1296.0
11,5,11,1652.5
11,5,12,1889.0
11,5,13,1652.0
11,5,14,1830.5
11,5,15,1773.0
11,5,16,1785.0
11,5,17,1863.0
11,5,18,1544.0
11,5,19,1579.0
11,5,20,1157.0
11,5,21,751.5
11,5,22,444.0
11,5,23,297.0
11,6,0,113.0
11,6,1,12.5
11,6,2,0.0
11,6,3,0.0
11,6,4,0.0
11,6,5,103.0
11,6,6,589.5
11,6,7,535.0
11,6,8,699.5
11,6,9,980.0
11,6,10,1049.5
11,6,11,1477.0
11,6,12,1645.0
11,6,13,1612.0
11,6,14,1615.0
11,6,15,1702.5
11,6,16,1622.0
11,6,17,1789.5
11,6,18,1506.5
11,6,19,1251.0
11,6,20,987.0
11,6,21,697.0
11,6,22,405.5
11,6,23,254.0
12,0,0,58.5
12,0,1,2.5
12,0,2,0.0
12,0,3,0.0
12,0,4,6.5
12,0,5,332.5
12,0,6,1449.5
12,0,7,2650.0
12,0,8,3320.5
12,0,9,2269.0
12,0,10,1801.5
12,0,11,1753.0
12,0,12,1908.5
12,0,13,1863.0
12,0,14,1749.5
12,0,15,2078.0
12,0,16,2481.0
12,0,17,2886.0
12,0,18,2872.5
12,0,19,2417.0
12,0,20,1557.5
12,0,21,983.0
12,0,22,496.0
12,0,23,227.0
12,1,0,44.5
12,1,1,1.0
12,1,2,0.0
12,1,3,0.0
12,1,4,6.5
12,1,5,338.5
12,1,6,1491.0
12,1,7,2762.0
12,1,8,3511.5
12,1,9,2341.0
12,1,10,1890.5
12,1,11,1798.5
12,1,12,1951.5
12,1,13,1928.5
12,1,14,1885.5
12,1,15,2091.0
12,1,16,2519.0
12,1,17,2904.5
12,1,18,3106.0
12,1,19,2534.0
12,1,20,1546.0
12,1,21,1014.0
12,1,22,476.0
12,1,23,244.5
12,2,0,62.5
12,2,1,0.0
12,2,2,0.0
12,2,3,0.0
12,2,4,9.0
12,2,5,355.5
12,2,6,1541.5
12,2,7,2657.0
12,2,8,3535.5
12,2,9,2463.5
12,2,10,2043.5
12,2,11,1858.5
12,2,12,2003.5
12,2,13,1907.5
12,2,14,1804.5
12,2,15,2130.0
12,2,16,2551.0
12,2,17,2861.0
12,2,18,3144.5
12,2,19,2460.0
12,2,20,1518.5
12,2,21,1027.5
12,2,22,513.5
12,2,23,264.0
12,3,0,50.5
12,3,1,1.5
12,3,2,0.0
12,3,3,0.0
12,3,4,7.5
12,3,5,349.0
12,3,6,1474.5
12,3,7,2840.5
12,3,8,3657.0
12,3,9,2326.0
12,3,10,1870.0
12,3,11,1863.5
12,3,12,1850.0
12,3,13,1993.0
12,3,14,1915.0
12,3,15,2166.0
12,3,16,2706.0
12,3,17,2970.5
12,3,18,3141.5
12,3,19,2464.5
12,3,20,1593.0
12,3,21,976.5
12,3,22,504.5
12,3,23,260.5
12,4,0,54.5
12,4,1,0.5
12,4,2,0.0
12,4,3,0.0
12,4,4,8.0
12,4,5,337.0
12,4,6,1492.5
12,4,7,2652.0
12,4,8,3247.5
12,4,9,2379.5
12,4,10,1791.0
12,4,11,1662.0
12,4,12,1802.5
12,4,13,1936.5
12,4,14,1888.0
12,4,15,2127.0
12,4,16,2711.0
12,4,17,2837.0
12,4,18,2534.5
12,4,19,2201.5
12,4,20,1412.5
12,4,21,1058.5
12,4,22,514.0
12,4,23,293.5
12,5,0,68.0
12,5,1,2.0
12,5,2,0.0
12,5,3,0.0
12,5,4,3.0
12,5,5,271.5
12,5,6,957.0
12,5,7,928.5
12,5,8,1019.5
12,5,9,1171.5
12,5,10,1387.0
12,5,11,1416.5
12,5,12,1377.0
12,5,13,1582.0
12,5,14,1507.0
12,5,15,1365.0
12,5,16,1497.0
12,5,17,1442.5
12,5,18,1446.0
12,5,19,1408.0
12,5,20,1009.5
12,5,21,796.5
12,5,22,413.5
12,5,23,277.0
12,6,0,84.5
12,6,1,6.0
12,6,2,0.0
12,6,3,0.0
12,6,4,3.0
12,6,5,159.0
12,6,6,606.0
12,6,7,720.5
12,6,8,738.0
12,6,9,948.0
12,6,10,1103.5
12,6,11,1299.0
12,6,12,1339.0
12,6,13,1547.5
12,6,14,1458.0
12,6,15,1366.5
12,6,16,1522.5
12,6,17,1588.5
12,6,18,1407.5
12,6,19,1091.5
12,6,20,845.5
12,6,21,613.5
12,6,22,406.0
12,6,23,219.0
17,0,0,123.0
17,0,1,15.5
17,0,2,0.0
17,0,3,0.0
17,0,4,24.0
17,0,5,294.0
17,0,6,1489.0
17,0,7,4157.0
17,0,8,5199.5
17,0,9,3715.5
17,0,10,2820.5
17,0,11,2759.5
17,0,12,2780.5
17,0,13,2863.0
17,0,14,2896.5
17,0,15,3079.5
17,0,16,3465.0
17,0,17,4151.5
17,0,18,4607.0
17,0,19,3358.5
17,0,20,2175.5
17,0,21,1354.5
17,0,22,728.0
17,0,23,327.0
17,1,0,108.0
17,1,1,11.5
17,1,2,0.0
17,1,3,0.0
17,1,4,24.5
17,1,5,296.5
17,1,6,1530.0
17,1,7,4277.0
17,1,8,5386.5
17,1,9,3678.5
17,1,10,2842.5
17,1,11,2742.0
17,1,12,2845.5
17,1,13,2889.0
17,1,14,3067.5
17,1,15,3072.0
17,1,16,3452.5
17,1,17,4480.0
17,1,18,4836.0
17,1,19,3397.0
17,1,20,2380.5
17,1,21,1462.0
17,1,22,759.0
17,1,23,355.0
17,2,0,121.0
17,2,1,10.5
17,2,2,0.0
17,2,3,0.0
17,2,4,24.5
17,2,5,295.5
17,2,6,1537.5
17,2,7,4153.5
17,2,8,5225.0
17,2,9,3630.0
17,2,10,2825.5
17,2,11,2837.5
17,2,12,2912.5
17,2,13,2971.5
17,2,14,2953.0
17,2,15,3110.5
17,2,16,3427.0
17,2,17,4304.5
17,2,18,4768.5
17,2,19,3337.0
17,2,20,2356.5
17,2,21,1466.0
17,2,22,761.0
17,2,23,373.0
17,3,0,142.5
17,3,1,11.0
17,3,2,0.0
17,3,3,0.0
17,3,4,24.0
17,3,5,309.0
17,3,6,1510.5
17,3,7,4301.0
17,3,8,5324.0
17,3,9,3703.5
17,3,10,2880.0
17,3,11,2849.5
17,3,12,2952.5
17,3,13,2996.0
17,3,14,2988.5
17,3,15,3162.5
17,3,16,3581.5
17,3,17,4454.0
17,3,18,4783.0
17,3,19,3436.5
17,3,20,2404.0
17,3,21,1498.5
17,3,22,810.0
17,3,23,384.0
17,4,0,142.0
17,4,1,17.0
17,4,2,0.0
17,4,3,0.0
17,4,4,22.5
17,4,5,294.5
17,4,6,1513.5
17,4,7,4095.0
17,4,8,5125.0
17,4,9,3580.5
17,4,10,2845.5
17,4,11,2906.5
17,4,12,2857.5
17,4,13,3018.5
17,4,14,3065.5
17,4,15,3348.0
17,4,16,3797.5
17,4,17,4402.0
17,4,18,4323.5
17,4,19,3205.5
17,4,20,2345.0
17,4,21,1601.0
17,4,22,871.0
17,4,23,469.5
17,5,0,191.0
17,5,1,27.0
17,5,2,0.0
17,5,3,0.0
17,5,4,5.5
17,5,5,127.0
17,5,6,598.5
17,5,7,1257.5
17,5,8,1754.5
17,5,9,2153.0
17,5,10,2335.0
17,5,11,2804.5
17,5,12,2984.0
17,5,13,3125.0
17,5,14,3077.5
17,5,15,3265.0
17,5,16,3266.0
17,5,17,3048.0
17,5,18,2855.0
17,5,19,2255.5
17,5,20,1903.5
17,5,21,1332.5
17,5,22,865.0
17,5,23,440.0
17,6,0,179.0
17,6,1,26.5
17,6,2,0.0
17,6,3,0.0
17,6,4,3.5
17,6,5,109.0
17,6,6,422.0
17,6,7,821.0
17,6,8,1216.0
17,6,9,1661.0
17,6,10,1916.5
17,6,11,2461.0
17,6,12,2782.5
17,6,13,3106.5
17,6,14,3175.5
17,6,15,3086.5
17,6,16,3107.0
17,6,17,2977.5
17,6,18,2620.5
17,6,19,2175.5
17,6,20,1711.5
17,6,21,1174.5
17,6,22,756.0
17,6,23,329.5
25,0,0,8.0
25,0,1,0.0
25,0,2,0.0
25,0,3,0.0
25,0,4,0.0
25,0,5,7.0
25,0,6,134.0
25,0,7,514.5
25,0,8,793.0
25,0,9,458.5
25,0,10,312.5
25,0,11,374.5
25,0,12,350.0
25,0,13,516.5
25,0,14,375.5
25,0,15,445.5
25,0,16,602.5
25,0,17,691.5
25,0,18,707.0
25,0,19,480.0
25,0,20,281.5
25,0,21,188.0
25,0,22,76.5
25,0,23,6.0
25,1,0,0.0
25,1,1,0.0
25,1,2,0.0
25,1,3,0.0
25,1,4,0.0
25,1,5,4.0
25,1,6,130.0
25,1,7,502.5
25,1,8,929.0
25,1,9,430.5
25,1,10,325.0
25,1,11,368.5
25,1,12,388.0
25,1,13,447.0
25,1,14,449.5
25,1,15,505.0
25,1,16,632.5
25,1,17,643.5
25,1,18,756.0
25,1,19,531.0
25,1,20,313.5
25,1,21,194.0
25,1,22,82.0
25,1,23,4.5
25,2,0,0.0
25,2,1,0.0
25,2,2,0.0
25,2,3,0.0
25,2,4,0.0
25,2,5,6.5
25,2,6,134.0
25,2,7,503.0
25,2,8,851.0
25,2,9,437.0
25,2,10,341.0
25,2,11,387.0
25,2,12,387.0
25,2,13,530.5
25,2,14,393.5
25,2,15,534.5
25,2,16,584.5
25,2,17,698.5
25,2,18,792.0
25,2,19,526.0
25,2,20,324.0
25,2,21,221.0
25,2,22,101.0
25,2,23,8.0
25,3,0,0.0
25,3,1,0.0
25,3,2,0.0
25,3,3,0.0
25,3,4,0.0
25,3,5,6.0
25,3,6,132.0
25,3,7,490.5
25,3,8,799.0
25,3,9,423.5
25,3,10,337.5
25,3,11,358.5
25,3,12,374.5
25,3,13,506.5
25,3,14,445.0
25,3,15,568.0
25,3,16,624.5
25,3,17,697.5
25,3,18,748.5
25,3,19,515.0
25,3,20,294.5
25,3,21,206.0
25,3,22,92.0
25,3,23,4.5
25,4,0,0.0
25,4,1,0.0
25,4,2,0.0
25,4,3,0.0
25,4,4,0.0
25,4,5,6.0
25,4,6,135.5
25,4,7,508.5
25,4,8,796.0
25,4,9,416.0
25,4,10,323.5
25,4,11,425.5
25,4,12,399.5
25,4,13,511.5
25,4,14,478.5
25,4,15,579.0
25,4,16,725.0
25,4,17,684.5
25,4,18,655.0
25,4,19,530.5
25,4,20,315.5
25,4,21,207.5
25,4,22,120.5
25,4,23,12.5
25,5,0,0.0
25,5,1,0.0
25,5,2,0.0
25,5,3,0.0
25,5,4,0.0
25,5,5,1.0
25,5,6,53.0
25,5,7,130.5
25,5,8,297.5
25,5,9,286.5
25,5,10,256.5
25,5,11,368.5
25,5,12,375.0
25,5,13,526.5
25,5,14,590.0
25,5,15,644.5
25,5,16,588.5
25,5,17,518.0
25,5,18,526.5
25,5,19,423.5
25,5,20,265.5
25,5,21,215.5
25,5,22,131.0
25,5,23,50.0
25,6,0,15.5
25,6,1,0.0
25,6,2,0.0
25,6,3,0.0
25,6,4,0.0
25,6,5,3.0
25,6,6,45.5
25,6,7,98.5
25,6,8,172.0
25,6,9,200.5
25,6,10,208.5
25,6,11,285.5
25,6,12,362.5
25,6,13,450.5
25,6,14,472.5
25,6,15,628.5
25,6,16,508.0
25,6,17,516.5
25,6,18,455.5
25,6,19,323.5
25,6,20,242.0
25,6,21,166.0
25,6,22,97.5
25,6,23,33.5
26,0,0,31.5
26,0,1,2.0
26,0,2,0.0
26,0,3,0.0
26,0,4,2.0
26,0,5,91.0
26,0,6,476.0
26,0,7,1083.5
26,0,8,2061.5
26,0,9,1369.0
26,0,10,1123.0
26,0,11,982.0
26,0,12,979.5
26,0,13,1108.0
26,0,14,1208.0
26,0,15,1287.0
26,0,16,1440.5
26,0,17,1623.5
26,0,18,1816.5
26,0,19,1169.5
26,0,20,751.5
26,0,21,437.0
26,0,22,205.0
26,0,23,110.0
26,1,0,30.5
26,1,1,1.0
26,1,2,0.0
26,1,3,0.0
26,1,4,1.0
26,1,5,82.0
26,1,6,484.0
26,1,7,1059.5
26,1,8,2224.0
26,1,9,1385.5
26,1,10,1138.0
26,1,11,1060.0
26,1,12,1066.5
26,1,13,1082.0
26,1,14,1164.0
26,1,15,1248.0
26,1,16,1416.5
26,1,17,1710.0
26,1,18,1856.5
26,1,19,1312.5
26,1,20,744.0
26,1,21,446.5
26,1,22,213.5
26,1,23,118.0
26,2,0,35.0
26,2,1,1.0
26,2,2,0.0
26,2,3,0.0
26,2,4,1.5
26,2,5,85.0
26,2,6,458.5
26,2,7,1072.0
26,2,8,2199.0
26,2,9,1375.5
26,2,10,1092.5
26,2,11,964.0
26,2,12,1023.5
26,2,13,1123.5
26,2,14,1302.5
26,2,15,1331.0
26,2,16,1435.5
26,2,17,1566.5
26,2,18,1790.0
26,2,19,1179.5
26,2,20,768.5
26,2,21,498.5
26,2,22,230.0
26,2,23,130.5
26,3,0,38.5
26,3,1,1.0
26,3,2,0.0
26,3,3,0.0
26,3,4,1.0
26,3,5,84.0
26,3,6,471.0
26,3,7,1030.0
26,3,8,2144.0
26,3,9,1408.5
26,3,10,1072.5
26,3,11,1034.5
26,3,12,1085.0
26,3,13,1094.5
26,3,14,1246.0
26,3,15,1326.5
26,3,16,1398.5
26,3,17,1636.5
26,3,18,1855.5
26,3,19,1189.0
26,3,20,745.0
26,3,21,462.5
26,3,22,247.0
26,3,23,123.5
26,4,0,37.0
26,4,1,0.5
26,4,2,0.0
26,4,3,0.0
26,4,4,1.0
26,4,5,80.0
26,4,6,478.5
26,4,7,1073.0
26,4,8,2085.5
26,4,9,1275.0
26,4,10,1193.0
26,4,11,952.5
26,4,12,1087.5
26,4,13,1120.5
26,4,14,1279.5
26,4,15,1326.0
26,4,16,1525.0
26,4,17,1635.5
26,4,18,1353.0
26,4,19,1046.0
26,4,20,662.0
26,4,21,454.0
26,4,22,218.0
26,4,23,157.5
26,5,0,47.5
26,5,1,1.0
26,5,2,0.0
26,5,3,0.0
26,5,4,1.0
26,5,5,50.5
26,5,6,244.5
26,5,7,370.0
26,5,8,595.5
26,5,9,633.0
26,5,10,774.5
26,5,11,955.5
26,5,12,928.5
26,5,13,962.5
26,5,14,956.5
26,5,15,926.0
26,5,16,942.5
26,5,17,906.5
26,5,18,851.0
26,5,19,792.0
26,5,20,549.5
26,5,21,338.0
26,5,22,213.0
26,5,23,147.0
26,6,0,49.0
26,6,1,6.0
26,6,2,0.0
26,6,3,0.0
26,6,4,1.5
26,6,5,23.5
26,6,6,151.5
26,6,7,263.5
26,6,8,372.5
26,6,9,495.0
26,6,10,578.0
26,6,11,742.0
26,6,12,785.5
26,6,13,826.5
26,6,14,799.5
26,6,15,745.0
26,6,16,747.0
26,6,17,769.0
26,6,18,710.5
26,6,19,544.0
26,6,20,435.0
26,6,21,290.0
26,6,22,196.0
26,6,23,100.0
28,0,0,0.0
28,0,1,0.0
28,0,2,0.0
28,0,3,0.0
28,0,4,2.0
28,0,5,76.0
28,0,6,227.0
28,0,7,659.5
28,0,8,1153.0
28,0,9,772.5
28,0,10,495.0
28,0,11,482.5
28,0,12,602.0
28,0,13,610.0
28,0,14,553.0
28,0,15,570.0
28,0,16,768.0
28,0,17,853.5
28,0,18,910.0
28,0,19,694.0
28,0,20,449.5
28,0,21,286.5
28,0,22,95.5
28,0,23,7.0
28,1,0,0.0
28,1,1,0.0
28,1,2,0.0
28,1,3,0.0
28,1,4,1.5
28,1,5,72.0
28,1,6,252.5
28,1,7,740.0
28,1,8,1171.0
28,1,9,713.0
28,1,10,564.0
28,1,11,537.5
28,1,12,572.5
28,1,13,655.5
28,1,14,619.5
28,1,15,669.0
28,1,16,723.5
28,1,17,864.5
28,1,18,946.5
28,1,19,657.0
28,1,20,488.0
28,1,21,294.5
28,1,22,123.0
28,1,23,8.5
28,2,0,0.0
28,2,1,0.0
28,2,2,0.0
28,2,3,0.0
28,2,4,1.0
28,2,5,81.5
28,2,6,246.5
28,2,7,742.5
28,2,8,1156.0
28,2,9,760.5
28,2,10,523.5
28,2,11,481.5
28,2,12,595.0
28,2,13,672.0
28,2,14,597.5
28,2,15,664.5
28,2,16,857.5
28,2,17,1015.5
28,2,18,900.0
28,2,19,685.0
28,2,20,493.0
28,2,21,288.5
28,2,22,112.5
28,2,23,5.5
28,3,0,0.0
28,3,1,0.0
28,3,2,0.0
28,3,3,0.0
28,3,4,1.0
28,3,5,80.0
28,3,6,272.5
28,3,7,788.0
28,3,8,1247.5
28,3,9,739.5
28,3,10,590.0
28,3,11,543.0
28,3,12,621.5
28,3,13,688.0
28,3,14,645.0
28,3,15,665.5
28,3,16,818.5
28,3,17,949.0
28,3,18,999.5
28,3,19,708.0
28,3,20,486.0
28,3,21,311.0
28,3,22,123.5
28,3,23,8.5
28,4,0,0.0
28,4,1,0.0
28,4,2,0.0
28,4,3,0.0
28,4,4,1.5
28,4,5,80.0
28,4,6,253.5
28,4,7,748.5
28,4,8,1115.0
28,4,9,732.0
28,4,10,567.0
28,4,11,512.5
28,4,12,674.5
28,4,13,682.0
28,4,14,656.0
28,4,15,702.0
28,4,16,882.5
28,4,17,853.5
28,4,18,746.0
28,4,19,608.0
28,4,20,437.5
28,4,21,327.5
28,4,22,130.5
28,4,23,15.5
28,5,0,0.0
28,5,1,0.0
28,5,2,0.0
28,5,3,0.0
28,5,4,0.0
28,5,5,38.5
28,5,6,102.5
28,5,7,228.0
28,5,8,384.0
28,5,9,427.0
28,5,10,462.0
28,5,11,422.5
28,5,12,490.5
28,5,13,522.5
28,5,14,522.5
28,5,15,555.0
28,5,16,482.5
28,5,17,529.5
28,5,18,451.5
28,5,19,383.5
28,5,20,290.5
28,5,21,248.0
28,5,22,126.5
28,5,23,17.0
28,6,0,0.0
28,6,1,0.0
28,6,2,0.0
28,6,3,0.0
28,6,4,0.0
28,6,5,30.5
28,6,6,79.0
28,6,7,152.0
28,6,8,258.0
28,6,9,308.5
28,6,10,351.0
28,6,11,392.5
28,6,12,424.5
28,6,13,474.5
28,6,14,502.0
28,6,15,493.5
28,6,16,439.0
28,6,17,435.0
28,6,18,398.0
28,6,19,355.0
28,6,20,276.5
28,6,21,220.0
28,6,22,102.5
28,6,23,9.5
50,0,0,7.0
50,0,1,0.0
50,0,2,0.0
50,0,3,0.0
50,0,4,3.0
50,0,5,64.0
50,0,6,460.5
50,0,7,1588.5
50,0,8,2645.0
50,0,9,2080.0
50,0,10,1524.5
50,0,11,1378.5
50,0,12,1211.0
50,0,13,1361.0
50,0,14,1335.0
50,0,15,1513.5
50,0,16,1640.0
50,0,17,1982.5
50,0,18,2279.5
50,0,19,1258.5
50,0,20,808.0
50,0,21,554.0
50,0,22,229.5
50,0,23,116.5
50,1,0,20.5
50,1,1,1.0
50,1,2,0.0
50,1,3,0.0
50,1,4,3.0
50,1,5,66.0
50,1,6,504.5
50,1,7,1738.0
50,1,8,2736.0
50,1,9,2134.0
50,1,10,1515.5
50,1,11,1355.0
50,1,12,1279.5
50,1,13,1316.5
50,1,14,1264.0
50,1,15,1599.5
50,1,16,1491.5
50,1,17,2180.0
50,1,18,2248.0
50,1,19,1345.0
50,1,20,843.5
50,1,21,585.0
50,1,22,228.0
50,1,23,121.5
50,2,0,25.5
50,2,1,0.0
50,2,2,0.0
50,2,3,0.0
50,2,4,2.5
50,2,5,65.5
50,2,6,497.0
50,2,7,1578.0
50,2,8,2504.5
50,2,9,1935.0
50,2,10,1588.5
50,2,11,1381.5
50,2,12,1332.0
50,2,13,1270.0
50,2,14,1289.5
50,2,15,1430.5
50,2,16,1575.5
50,2,17,2153.0
50,2,18,2220.0
50,2,19,1369.5
50,2,20,831.0
50,2,21,604.0
50,2,22,269.5
50,2,23,125.0
50,3,0,32.0
50,3,1,1.5
50,3,2,0.0
50,3,3,0.0
50,3,4,2.5
50,3,5,61.5
50,3,6,466.0
50,3,7,1592.0
50,3,8,2554.0
50,3,9,1914.5
50,3,10,1553.5
50,3,11,1431.0
50,3,12,1322.0
50,3,13,1339.0
50,3,14,1287.0
50,3,15,1540.5
50,3,16,1533.0
50,3,17,2103.5
50,3,18,2181.0
50,3,19,1264.5
50,3,20,859.0
50,3,21,644.5
50,3,22,259.0
50,3,23,149.0
50,4,0,29.0
50,4,1,0.5
50,4,2,0.0
50,4,3,0.0
50,4,4,2.0
50,4,5,62.0
50,4,6,486.5
50,4,7,1672.0
50,4,8,2598.0
50,4,9,1954.0
50,4,10,1407.5
50,4,11,1398.5
50,4,12,1415.5
50,4,13,1432.5
50,4,14,1385.0
50,4,15,1612.5
50,4,16,2071.0
50,4,17,1970.0
50,4,18,1594.0
50,4,19,1127.0
50,4,20,785.5
50,4,21,544.0
50,4,22,262.5
50,4,23,157.0
50,5,0,43.5
50,5,1,1.5
50,5,2,0.0
50,5,3,0.0
50,5,4,0.0
50,5,5,3.5
50,5,6,21.0
50,5,7,33.0
50,5,8,71.5
50,5,9,130.0
50,5,10,48.0
50,5,11,61.0
50,5,12,85.5
50,5,13,76.5
50,5,14,76.0
50,5,15,60.0
50,5,16,49.0
50,5,17,49.0
50,5,18,30.5
50,5,19,23.0
50,5,20,24.5
50,5,21,18.0
50,5,22,10.5
50,5,23,5.5
50,6,0,4.0
50,6,1,0.0
50,6,2,0.0
50,6,3,0.0
50,6,4,0.0
50,6,5,0.0
50,6,6,6.0
50,6,7,5.0
50,6,8,8.5
50,6,9,3.0
50,6,10,14.5
50,6,11,24.5
50,6,12,24.0
50,6,13,28.0
50,6,14,67.0
50,6,15,57.5
50,6,16,105.0
50,6,17,73.5
50,6,18,41.0
50,6,19,29.5
50,6,20,31.5
50,6,21,20.0
50,6,22,29.5
50,6,23,4.0
